job_id,job_title,company,location,employment_type,work_model,job_url,source,date_collected,job_description
1, Data Science,Finanz Informatik,Hanover,Working students,Hybrid,https://www.f-i.de/karriere/offene-stellen/hannover/werkstudierende-m-w-d-data-science,Linkedin,2026-05-13,Finanz Informatik is looking for a Working Student Data Science to support AI and data science projects in the area of fraud prevention within the Sparkassen-Finanzgruppe. The role involves supporting selected projects related to AI models for fraud detection, assisting with feature development, monitoring model performance, and helping maintain existing machine learning models. The position is suitable for a currently enrolled Bachelor’s or Master’s student in Computer Science, Business Informatics, Data Science, or a similar field. The ideal candidate has first knowledge or experience in Python, SQL, and PySpark, a good understanding of data analysis, data preparation, and AI modeling, and ideally some understanding of payment transactions. The role requires independent and structured working habits, teamwork skills, and confident use of common MS Office applications.
2,Daten Analyst/ Business Analyst/ Projektmanagement,Finanz Informatik,Frankfurt,Working students,Hybrid,https://www.f-i.de/karriere/offene-stellen/frankfurt/werkstudierende-m-w-d-daten-analyst-business-analyst-projektmanagement,Linkedin,2026-05-13,We support clients in the IT and software sector, particularly in data analysis and reporting. We are looking for motivated working students in various subject areas. And the best part: you can help decide what you want to focus on – data engineering, business analysis, or project management? Or perhaps a combination of these?
"3,Data Analytics & AI in Procurement,Siemens Energy Global GmbH & Co. KG,Berlin,Working students,Hybrid,https://jobs.siemens-energy.com/jobs,Siemens Energy Careers,2026-05-13,Siemens Energy is looking for a Working Student in Data Analytics and AI in Procurement to support the digital transformation of procurement processes in Berlin; the role involves optimizing BI reports using Alteryx Power BI Tableau and Snowflake; designing new reports and data-driven applications; implementing RPA use cases; performing advanced analyses from descriptive analytics to forecasting; and evaluating prototyping and piloting AI agents in procurement. The ideal candidate is currently studying a technical or business-related field and has initial practical experience in data analytics business intelligence or machine learning. Strong interest in new tools; quick learning ability; very good English skills; and an independent team-oriented working style are required. German knowledge is an advantage."
"4,Data Analyst in the reporting area,Körber Pharma GmbH,Markt Schwaben Bavaria Germany,Working students,Hybrid,,Körber Careers,2026-05-13,Körber Pharma is looking for a Working Student Data Analyst in the reporting area to support the design development and implementation of analytics dashboards based on existing data models. The role involves creating analysis dashboards and reports in SAP Analytics Cloud; presenting and explaining dashboards to users; supporting training and guidance for users; and helping make data-driven work more visible within the company. The ideal candidate is currently enrolled in economics business informatics or a comparable degree program and has strong interest in data analysis and complex business processes. The candidate should understand business relationships; be able to visualize them using KPIs; feel confident working with large amounts of data; and communicate insights clearly to stakeholders."
"5,CRM Analytics,The Quality Group,Germany,Working students,Remote,,The Quality Group Careers,2026-05-13,The Quality Group is looking for a Working Student CRM Analytics to support CRM campaign performance analysis and lifecycle measures. The role involves analyzing open rates click rates and other CRM KPIs; supporting data extraction preparation and cleansing in tools such as Databricks; deriving data-driven insights and recommendations for campaign and segmentation optimization; and helping automate and further develop CRM reporting. The ideal candidate has strong analytical understanding and enjoys working with data. Initial experience in CRM marketing analytics or data analysis is preferred. Experience with Databricks Excel Google Sheets or BI tools is an advantage. Knowledge of CRM tools such as Klaviyo is helpful but not required. The candidate should work in a structured careful and solution-oriented way; be curious and eager to learn; communicate clearly; and enjoy teamwork."
"6,Digital Marketing and BI Analytics,Viessmann Climate Solutions Berlin GmbH,Berlin and Allendorf Eder Germany,Working students,Hybrid,,Viessmann Careers,2026-05-13,Viessmann Climate Solutions is looking for a motivated student to support global Digital Marketing and BI initiatives. The role involves analyzing digital marketing data; identifying trends; deriving actionable recommendations; maintaining and developing reporting structures in Power BI and Google Sheets; creating and optimizing Power BI dashboards for global marketing teams; supporting data process optimization and data quality using Python SQL and Databricks; and conducting country-specific analyses to support growth and improve the use of digital channels. The ideal candidate is enrolled in economics statistics business administration data science or a comparable field and has analytical skills with basic knowledge of statistics and data modeling. SQL skills and initial experience with Power BI or other BI tools are preferred. Very good English skills and good German skills are required."
"7,Analytics and Monitoring,Deutsche Börse Group,Frankfurt am Main Germany,Working students,On-site,,Deutsche Börse Group Careers,2026-05-13,Deutsche Börse Group is looking for a Working Student in the Analytics and Monitoring team within Compliance to support advanced analytics on transactional and reference data from an anti-money laundering market abuse and criminal offences perspective. The role involves implementing maintaining and improving monitoring rules processes and guidelines; analyzing data using SQL Python Databricks and BI tools; supporting rule development with statistical and machine learning methods; preparing test data and test case scenarios; executing technical unit testing and debugging; creating audit documentation; and communicating with legal entities internal departments and external stakeholders. The ideal candidate is enrolled in a Master’s program in computer science machine learning business informatics financial mathematics data science economics or a comparable field. Strong analytical skills statistical data analysis SQL Python Databricks and data analytics project experience are required. Knowledge of financial markets machine learning and LLMs is an advantage. Very good English skills are required and German is an asset."
"8,Procurement Analytics,Schwartauer Werke,Bad Schwartau Germany,Working students,On-site,,Schwartauer Werke Careers,2026-05-13,Schwartauer Werke is looking for a Working Student in Procurement Analytics to support data-driven procurement reporting and analytics. The role involves aligning sustainability indicators with the sustainability department; integrating KPIs into procurement spend analytics systems such as SIEVO; developing and automating KPI dashboards and reports; supporting data architecture and data warehouse solution design; conducting ad-hoc analyses; supporting daily operations; ensuring data quality; documenting KPIs and reports; and answering business cases through data analysis. The ideal candidate is studying IT business administration or industrial engineering and has good database knowledge plus ideally initial experience with Power BI. Strong MS Office skills especially Excel and PowerPoint; analytical thinking; structured independent and solution-oriented working style; communication skills; teamwork; initiative; and basic knowledge of compliance and data protection are advantages."
"9,Data Analyst Entry-Level Junior,Not specified,Not specified,Entry-level / Junior,Not specified,,User provided,2026-05-13,The company is looking for an entry-level or junior Data Analyst to support data-driven decision-making reporting and business intelligence initiatives. The role involves collecting cleaning organizing and analyzing data from multiple sources; generating reports; developing dashboards; monitoring KPIs; validating datasets; performing basic statistical analysis; and supporting automation and optimization of reporting processes. The Data Analyst will work with cross-functional teams to understand reporting requirements; support data visualization; improve data quality; and contribute to better data accessibility and governance. The ideal candidate has a degree in data science statistics mathematics economics computer science information systems business analytics finance or a related field. Basic knowledge of data analysis statistics reporting Excel SQL and visualization tools such as Power BI Tableau Looker Studio is preferred. Python or R knowledge is an advantage. Strong analytical thinking attention to detail communication skills organization problem-solving ability and willingness to learn are required."
"10,Junior Business Intelligence Manager,CHECK24 Vergleichsportal Finanzen GmbH,Munich Bavaria Germany,Full-time,On-site,,CHECK24 Careers,2026-05-13,CHECK24 is looking for a Junior Business Intelligence Manager to support data-driven decision-making and business intelligence for CHECK24 Vergleichsportal Finanzen. The role involves conducting ad-hoc analyses for operational and strategic questions; creating dashboards and decision-making tools; working closely with management and departments; validating data; supporting business partners in selecting the right data; structuring modeling and condensing complex data from different sources; and identifying optimization potential along key business processes. The ideal candidate has a strong degree in business informatics computer science business mathematics statistics or a similar field plus practical experience in data analytics or business intelligence. Strong SQL skills and knowledge of relational data models are required. Experience with BI tools such as Qlik Tableau or Power BI is preferred and Python skills are a plus. Strong analytical thinking ownership hands-on mentality interest in AI tools and excellent German and English skills are required."
"11,SAP Consultant Business Intelligence,All for One,Hamburg Hannover or Lübeck Germany,Full-time or Part-time,Hybrid,,All for One Careers,2026-05-13,All for One is looking for an SAP Consultant Business Intelligence to support SAP-based data modeling reporting and analytics projects for customers. The role involves creating data models and analyses from SAP Datasphere or SAP BW using SAP Analytics Cloud or SAP Business Objects; building ETL-based data flows and data refinement processes; automating reports and analyses for customers; optimizing processes and standards for reporting-relevant data; and translating new service-level reporting or analysis requirements into responsible reports and dashboards. The ideal candidate has a degree in business informatics computer science industrial engineering or comparable professional experience. Initial experience with SAP Business Warehouse or Business Objects is required. Interest in consulting strong social skills commitment teamwork and willingness to travel up to 40 percent are expected."
"12,Junior Data Engineer Martech,home24 SE,Berlin Germany,Full-time,Hybrid,,home24 Careers,2026-05-13,home24 is looking for a Junior Data Engineer Martech to support data-driven marketing technology solutions in Berlin. The role involves designing implementing and maintaining batch and streaming data pipelines; enhancing an AWS-based data platform using Apache Spark and functional programming practices; supporting data scientists and marketing stakeholders in operationalizing and scaling machine learning models; building analytical workflows for personalization customized user experiences and automated A B testing using SQL Scala and Python; contributing to data quality validation and monitoring; and implementing proof of concepts that connect data and business users. The ideal candidate has a degree in computer engineering computer science or a similar field with solid Python skills and experience in a JVM-based language such as Scala. Strong SQL knowledge familiarity with Apache Spark modern data lake architecture data engineering fundamentals and cloud experience with AWS or another provider are preferred. Fluent English is required."
"13,Database Developer,EY,Not specified,Not specified,Not specified,,EY Careers,2026-05-13,EY is looking for a Database Developer for the People Advisory Services team to support compliance-related software solutions for Short Term Business Travel. The role involves designing developing and maintaining data models and database artifacts on SAP HANA Cloud; creating CDS views; implementing and optimizing SQL logic views and queries; performing benchmarks; supporting backend services with efficient data access and RESTful API consumption; modernizing existing database solutions; working with cloud-based relational and non-relational storage; supporting database changes migration and operational processes in a cloud environment; and collaborating with backend frontend testing and business teams. The ideal candidate has strong relational database and data modeling knowledge; solid SQL skills; understanding of RESTful APIs Git CI CD SCRUM and agile development; and willingness to work in a modern cloud and data-oriented setup. Experience with Azure DevOps SAP HANA Cloud Linux Bash non-relational storage and JavaScript or TypeScript is an advantage. Fluent English is required."
"14,Data Engineer Microsoft Fabric,Not specified,Not specified,Not specified,Not specified,,User provided,2026-05-13,The company is looking for a Data Engineer Microsoft Fabric to develop operate and improve a central data platform for data-driven decision-making. The role involves building scalable data pipelines in Microsoft Fabric; developing a Lakehouse architecture; integrating internal and external data sources with focus on ERP systems such as Microsoft Dynamics 365 Business Central; creating data models and transformation logic using Python Spark and dbt; working with Git code reviews and CI CD; improving data quality and data governance standards; designing user-focused Power BI dashboards and reports; and collaborating with business departments to define KPIs requirements and data-driven use cases. The ideal candidate has a degree in business informatics data science or a comparable qualification plus at least three years of experience in data analytics data engineering or business intelligence. Strong Microsoft Fabric SQL Python scalable data processing data modeling data quality Git dbt and Power BI skills are required. ERP experience communication skills analytical thinking and strong understanding of user requirements are important."
"15,Trainee SAP Analytics,ORBIS SE,Saarbrücken Germany,Trainee,Hybrid,,ORBIS Careers,2026-05-13,ORBIS SE is looking for a Trainee SAP Analytics to support experienced consultants in designing and implementing customer-specific analytics solutions. The role involves learning customer processes and data structures; supporting the development of powerful data models with modern data warehouse technologies; contributing to reports dashboards planning applications and portal interfaces; and working with SAP Analytics technologies such as SAP Business Data Cloud SAP Datasphere SAP Analytics Cloud Data Lakehouses and AI integration. The ideal candidate has a degree in business informatics computer science business administration with IT focus software engineering applied computer science information management or a comparable field. Interest in business processes analytical thinking structured working style communication skills teamwork and willingness to learn SQL CDS Views Python ABAP basics and SAC scripting are expected. Very good German good English and moderate willingness to travel are required."
"16,Trainee Investment Limit Monitoring and Digital Transformation,Deka Vermögensmanagement,Frankfurt Niederrad Germany,Trainee,Not specified,,Deka Careers,2026-05-13,Deka Vermögensmanagement is looking for a Trainee in Investment Limit Monitoring and Digital Transformation to support fund restriction monitoring and digital transformation projects. The role involves learning all key areas of investment limit monitoring; coordinating investment restrictions with front office; coding monitoring algorithms in internal systems; monitoring compliance with investment limits for public and special funds; supporting AI and digital tool projects; working with IT and external software providers to improve monitoring systems; and contributing to analysis specification testing and system development. The ideal candidate has a completed Bachelor or Master degree with a focus on finance mathematics natural sciences business IT or a related field. Interest in securities derivatives fund business and capital market theory is expected. Strong data affinity analytical thinking numerical skills very good German MS Office skills and strong programming or database knowledge such as SQL or Python are required."
"17,Business Intelligence Team Support,Mercedes-Benz Bank AG,Stuttgart Germany,Permanent,Hybrid,,Mercedes-Benz Careers,2026-05-13,Mercedes-Benz Bank is looking for Business Intelligence team support starting September 2026 to help shape the transition into a new BI environment. The role involves supporting operational process control checks for monthly and quarterly closing; analyzing deviations and identifying root causes; deriving corrective actions; testing new developments in BI systems; validating BI product increments in integration and production environments; supporting end-to-end test methodology until go-live; and depending on interest supporting data modeling and data integration. The ideal candidate has a Bachelor degree in business informatics or a comparable field with strong data affinity analytical thinking and interest in data analysis business intelligence and agile methods. Experience with BI systems such as SAP BW SAP BW Analysis Process Designer SAP BA or MS Power BI is preferred. Knowledge of SAP environments SQL NoSQL MS SQL Python banking or financial services agile project work and AI-based process improvement is an advantage."
"18,Junior Data Analytics Consultant,Vesterling client,Rheine Germany,Permanent,Hybrid,,Vesterling Careers,2026-05-13,The client is looking for a Junior Data Analytics Consultant to work on BI and business intelligence consulting projects. The role involves creating data models dashboards reports and ETL pipelines using different project-specific tools; collaborating with customer teams developers and business users; supporting the operation of BI systems; and gradually taking on more project management responsibility. After onboarding remote work is possible. The ideal candidate has completed a relevant degree and has initial professional experience in BI consulting. Good knowledge of data models dashboards reporting ETL pipelines and BI tools is expected. Customer-facing communication skills project-related willingness to travel and good written and spoken German skills are required."
"19,Business Intelligence and Data Integration Specialist,Not specified,Not specified,Permanent,Hybrid,,User provided,2026-05-13,The company is looking for a Business Intelligence and Data Integration Specialist for an established securities institute in the financial sector. The role involves developing and optimizing data flows for a central data warehouse using Oracle and DataStage; modeling and transforming data with SQL for BI analyses and reports; designing implementing and maintaining ETL processes with IBM DataStage; further developing the BI portal and supporting integration with IBM Cognos; analyzing and optimizing database and query performance; supporting security administration and BI exchange and trading systems; creating technical documentation and data models; and supporting risk management with risk controlling data for analyses and reports. The ideal candidate has a degree in computer science business informatics mathematics or a comparable qualification plus initial experience in data integration data warehousing and business intelligence. Experience with Oracle databases IBM Cognos IBM DataStage and strong SQL knowledge are expected. Very good German good English and willingness to work occasional late shifts during exchange opening hours are required."
"20,Junior Business Intelligence Analyst,Meyer & Meyer,Osnabrück Lower Saxony Germany,Full-time,Hybrid,,LinkedIn,2026-05-13,Meyer & Meyer is looking for a Junior Business Intelligence Analyst to support the development of a data-driven company culture and improve BI solutions. The role involves ensuring data quality data integrity and performance of BI systems especially Qlik Cloud; implementing digital strategy solutions; gathering requirements from business departments; developing dashboards and reports for KPI monitoring; supporting technical interfaces to local IT systems; maintaining the Qlik ticket system; prioritizing requests; and contributing ideas for further BI development. The ideal candidate has a degree in business administration business informatics data science or a comparable qualification such as data and process analysis. Initial experience in business intelligence reporting or data analysis is preferred. Knowledge of Qlik Qlik View Qlik Script SQL databases relational or NoSQL systems and ETL processes is desirable. Business process understanding in logistics and supply chain is an advantage. Strong communication teamwork analytical thinking solution orientation fluent German and good English skills are required."